{
    "name": "root",
    "gauges": {
        "MoveToGoal.Policy.Entropy.mean": {
            "value": 0.07886198163032532,
            "min": 0.07886198163032532,
            "max": 0.10189894586801529,
            "count": 50
        },
        "MoveToGoal.Policy.Entropy.sum": {
            "value": 7876.103515625,
            "min": 7876.103515625,
            "max": 10193.1552734375,
            "count": 50
        },
        "MoveToGoal.Step.mean": {
            "value": 4999992.0,
            "min": 99975.0,
            "max": 4999992.0,
            "count": 50
        },
        "MoveToGoal.Step.sum": {
            "value": 4999992.0,
            "min": 99975.0,
            "max": 4999992.0,
            "count": 50
        },
        "MoveToGoal.Policy.ExtrinsicValueEstimate.mean": {
            "value": 5.327632427215576,
            "min": 2.9093172550201416,
            "max": 5.416032791137695,
            "count": 50
        },
        "MoveToGoal.Policy.ExtrinsicValueEstimate.sum": {
            "value": 8886.4912109375,
            "min": 4759.64306640625,
            "max": 8925.6220703125,
            "count": 50
        },
        "MoveToGoal.Policy.GailValueEstimate.mean": {
            "value": 20.17413330078125,
            "min": 18.263431549072266,
            "max": 34.70396423339844,
            "count": 50
        },
        "MoveToGoal.Policy.GailValueEstimate.sum": {
            "value": 33650.453125,
            "min": 30111.962890625,
            "max": 56775.6875,
            "count": 50
        },
        "MoveToGoal.Environment.EpisodeLength.mean": {
            "value": 540.192513368984,
            "min": 416.23622047244095,
            "max": 568.8857142857142,
            "count": 50
        },
        "MoveToGoal.Environment.EpisodeLength.sum": {
            "value": 101016.0,
            "min": 91712.0,
            "max": 105724.0,
            "count": 50
        },
        "MoveToGoal.Environment.CumulativeReward.mean": {
            "value": 31.08823529411765,
            "min": 15.850393700787402,
            "max": 33.05142857142857,
            "count": 50
        },
        "MoveToGoal.Environment.CumulativeReward.sum": {
            "value": 5813.5,
            "min": 3640.0,
            "max": 5864.5,
            "count": 50
        },
        "MoveToGoal.Policy.ExtrinsicReward.mean": {
            "value": 31.08823529411765,
            "min": 15.850393700787402,
            "max": 33.05142857142857,
            "count": 50
        },
        "MoveToGoal.Policy.ExtrinsicReward.sum": {
            "value": 5813.5,
            "min": 3640.0,
            "max": 5864.5,
            "count": 50
        },
        "MoveToGoal.Policy.GailReward.mean": {
            "value": 152.26408526618133,
            "min": 112.82638423572027,
            "max": 211.50063617135797,
            "count": 50
        },
        "MoveToGoal.Policy.GailReward.sum": {
            "value": 28473.38394477591,
            "min": 23953.21879415214,
            "max": 43789.15072308853,
            "count": 50
        },
        "MoveToGoal.Losses.PolicyLoss.mean": {
            "value": 0.02285196074284613,
            "min": 0.022126264147615683,
            "max": 0.02629227857260654,
            "count": 50
        },
        "MoveToGoal.Losses.PolicyLoss.sum": {
            "value": 0.2285196074284613,
            "min": 0.20139623542005816,
            "max": 0.2629227857260654,
            "count": 50
        },
        "MoveToGoal.Losses.ValueLoss.mean": {
            "value": 4.535201075077056,
            "min": 1.8836388499648484,
            "max": 16.467298322253757,
            "count": 50
        },
        "MoveToGoal.Losses.ValueLoss.sum": {
            "value": 45.35201075077057,
            "min": 16.952749649683636,
            "max": 148.2056849002838,
            "count": 50
        },
        "MoveToGoal.Policy.LearningRate.mean": {
            "value": 2.797929067389998e-06,
            "min": 2.797929067389998e-06,
            "max": 0.00029691222769592443,
            "count": 50
        },
        "MoveToGoal.Policy.LearningRate.sum": {
            "value": 2.797929067389998e-05,
            "min": 2.797929067389998e-05,
            "max": 0.0029105325298224996,
            "count": 50
        },
        "MoveToGoal.Policy.Epsilon.mean": {
            "value": 0.10093261,
            "min": 0.10093261,
            "max": 0.19897074222222222,
            "count": 50
        },
        "MoveToGoal.Policy.Epsilon.sum": {
            "value": 1.0093261,
            "min": 0.9630078599999999,
            "max": 1.9701775000000001,
            "count": 50
        },
        "MoveToGoal.Policy.Beta.mean": {
            "value": 5.653723899999997e-05,
            "min": 5.653723899999997e-05,
            "max": 0.004948640036888889,
            "count": 50
        },
        "MoveToGoal.Policy.Beta.sum": {
            "value": 0.0005653723899999997,
            "min": 0.0005653723899999997,
            "max": 0.04851185724999999,
            "count": 50
        },
        "MoveToGoal.Policy.GAILPolicyEstimate.mean": {
            "value": 0.35759223918120064,
            "min": 0.33956998328367866,
            "max": 0.4488803023099899,
            "count": 50
        },
        "MoveToGoal.Policy.GAILPolicyEstimate.sum": {
            "value": 3.575922391812006,
            "min": 3.065078941980998,
            "max": 4.488803023099899,
            "count": 50
        },
        "MoveToGoal.Policy.GAILExpertEstimate.mean": {
            "value": 0.6229172017176946,
            "min": 0.5429041019082069,
            "max": 0.6369114760999326,
            "count": 50
        },
        "MoveToGoal.Policy.GAILExpertEstimate.sum": {
            "value": 6.229172017176946,
            "min": 4.899063898126284,
            "max": 6.366190220912298,
            "count": 50
        },
        "MoveToGoal.Losses.GAILLoss.mean": {
            "value": 1.020764467914899,
            "min": 0.953518995841344,
            "max": 1.2587907405694325,
            "count": 50
        },
        "MoveToGoal.Losses.GAILLoss.sum": {
            "value": 10.207644679148991,
            "min": 8.69493012825648,
            "max": 12.587907405694326,
            "count": 50
        },
        "MoveToGoal.Policy.GAILGradMagLoss.mean": {
            "value": 0.04102718340232968,
            "min": 0.016360945099343858,
            "max": 0.15378133898600937,
            "count": 50
        },
        "MoveToGoal.Policy.GAILGradMagLoss.sum": {
            "value": 0.4102718340232968,
            "min": 0.14724850589409472,
            "max": 1.5378133898600936,
            "count": 50
        },
        "MoveToGoal.Losses.PretrainingLoss.mean": {
            "value": 0.021224301039344737,
            "min": 0.021224301039344737,
            "max": 0.07033784050080512,
            "count": 50
        },
        "MoveToGoal.Losses.PretrainingLoss.sum": {
            "value": 0.21224301039344737,
            "min": 0.20954174030986097,
            "max": 0.7033784050080512,
            "count": 50
        },
        "MoveToGoal.IsTraining.mean": {
            "value": 1.0,
            "min": 1.0,
            "max": 1.0,
            "count": 50
        },
        "MoveToGoal.IsTraining.sum": {
            "value": 1.0,
            "min": 1.0,
            "max": 1.0,
            "count": 50
        }
    },
    "metadata": {
        "timer_format_version": "0.1.0",
        "start_time_seconds": "1646932279",
        "python_version": "3.7.9 (tags/v3.7.9:13c94747c7, Aug 17 2020, 18:58:18) [MSC v.1900 64 bit (AMD64)]",
        "command_line_arguments": "D:\\Unity Projects\\SoftwareTechnikRacingGame\\SoftwareTechnikRacingGame2\\SoftwareTechnikRacingGame2\\venv\\Scripts\\mlagents-learn config/MoveToGoal.yaml --initialize-from=Special_Improvement --run-id=Special_Improvement2 --force",
        "mlagents_version": "0.28.0",