{
    "name": "root",
    "gauges": {
        "MoveToGoal.Policy.Entropy.mean": {
            "value": 1.4029446840286255,
            "min": 1.4029446840286255,
            "max": 1.419989824295044,
            "count": 10
        },
        "MoveToGoal.Policy.Entropy.sum": {
            "value": 70140.21875,
            "min": 70140.21875,
            "max": 71194.03125,
            "count": 10
        },
        "MoveToGoal.Environment.EpisodeLength.mean": {
            "value": 291.84795321637426,
            "min": 26.69789356984479,
            "max": 291.84795321637426,
            "count": 10
        },
        "MoveToGoal.Environment.EpisodeLength.sum": {
            "value": 49906.0,
            "min": 48163.0,
            "max": 49906.0,
            "count": 10
        },
        "MoveToGoal.Step.mean": {
            "value": 499951.0,
            "min": 49971.0,
            "max": 499951.0,
            "count": 10
        },
        "MoveToGoal.Step.sum": {
            "value": 499951.0,
            "min": 49971.0,
            "max": 499951.0,
            "count": 10
        },
        "MoveToGoal.Policy.ExtrinsicValueEstimate.mean": {
            "value": 0.2074742168188095,
            "min": -5.241300582885742,
            "max": 0.2074742168188095,
            "count": 10
        },
        "MoveToGoal.Policy.ExtrinsicValueEstimate.sum": {
            "value": 179.25772094726562,
            "min": -8737.248046875,
            "max": 179.25772094726562,
            "count": 10
        },
        "MoveToGoal.Environment.CumulativeReward.mean": {
            "value": 2.3684210526315788,
            "min": -0.951847365233192,
            "max": 2.3684210526315788,
            "count": 10
        },
        "MoveToGoal.Environment.CumulativeReward.sum": {
            "value": 405.0,
            "min": -1621.0,
            "max": 405.0,
            "count": 10
        },
        "MoveToGoal.Policy.ExtrinsicReward.mean": {
            "value": 2.3684210526315788,
            "min": -0.951847365233192,
            "max": 2.3684210526315788,
            "count": 10
        },
        "MoveToGoal.Policy.ExtrinsicReward.sum": {
            "value": 405.0,
            "min": -1621.0,
            "max": 405.0,
            "count": 10
        },
        "MoveToGoal.Losses.PolicyLoss.mean": {
            "value": 0.023002076249880092,
            "min": 0.021525717953530452,
            "max": 0.028491774344972024,
            "count": 10
        },
        "MoveToGoal.Losses.PolicyLoss.sum": {
            "value": 0.11501038124940047,
            "min": 0.09670694755235065,
            "max": 0.13071425148906807,
            "count": 10
        },
        "MoveToGoal.Losses.ValueLoss.mean": {
            "value": 0.09932607973615329,
            "min": 0.017779434341937305,
            "max": 5.772005849704146,
            "count": 10
        },
        "MoveToGoal.Losses.ValueLoss.sum": {
            "value": 0.4966303986807664,
            "min": 0.08889717170968653,
            "max": 23.088023398816585,
            "count": 10
        },
        "MoveToGoal.Policy.LearningRate.mean": {
            "value": 1.6769014410360002e-05,
            "min": 1.6769014410360002e-05,
            "max": 0.00028460670513109996,
            "count": 10
        },
        "MoveToGoal.Policy.LearningRate.sum": {
            "value": 8.384507205180001e-05,
            "min": 8.384507205180001e-05,
            "max": 0.0012846834717722003,
            "count": 10
        },
        "MoveToGoal.Policy.Epsilon.mean": {
            "value": 0.10558964000000001,
            "min": 0.10558964000000001,
            "max": 0.1948689,
            "count": 10
        },
        "MoveToGoal.Policy.Epsilon.sum": {
            "value": 0.5279482000000001,
            "min": 0.5004402000000001,
            "max": 0.9282278000000002,
            "count": 10
        },
        "MoveToGoal.Policy.Beta.mean": {
            "value": 0.00028892303600000003,
            "min": 0.00028892303600000003,
            "max": 0.00474395811,
            "count": 10
        },
        "MoveToGoal.Policy.Beta.sum": {
            "value": 0.0014446151800000002,
            "min": 0.0014446151800000002,
            "max": 0.021418567219999997,
            "count": 10
        },
        "MoveToGoal.IsTraining.mean": {
            "value": 1.0,
            "min": 1.0,
            "max": 1.0,
            "count": 10
        },
        "MoveToGoal.IsTraining.sum": {
            "value": 1.0,
            "min": 1.0,
            "max": 1.0,
            "count": 10
        }
    },
    "metadata": {
        "timer_format_version": "0.1.0",
        "start_time_seconds": "1646859526",
        "python_version": "3.7.9 (tags/v3.7.9:13c94747c7, Aug 17 2020, 18:58:18) [MSC v.1900 64 bit (AMD64)]",
        "command_line_arguments": "D:\\Unity Projects\\SoftwareTechnikRacingGame\\SoftwareTechnikRacingGame2\\SoftwareTechnikRacingGame2\\venv\\Scripts\\mlagents-learn --run-id=Improvement6 --force",
        "mlagents_version": "0.28.0",
        "mlagents_envs_version": "0.28.0",
        "communication_protocol_version": "1.5.0",
        "pytorch_version": "1.7.0+cu110",
        "numpy_version": "1.21.5",
        "end_time_seconds": "1646860778"
    },
    "total": 1251.7891614999999,
    "count": 1,
    "self": 0.007610399999975925,
    "children": {
        "run_training.setup": {
            "total": 0.07367140000000005,
            "count": 1,
            "self": 0.07367140000000005
        },
        "TrainerController.start_learning": {
            "total": 1251.7078797,
            "count": 1,
            "self": 3.5258029000533497,
            "children": {
                "TrainerController._reset_env": {
                    "total": 6.3380782,
                    "count": 1,
                    "self": 6.3380782
                },
                "TrainerController.advance": {
                    "total": 1241.7973072999466,
                    "count": 168425,
                    "self": 3.3451634000107333,
                    "children": {
                        "env_step": {
                            "total": 1041.178372699944,
                            "count": 168425,
                            "self": 603.0356036999531,
                            "children": {
                                "SubprocessEnvManager._take_step": {
                                    "total": 435.82169800000975,
                                    "count": 168426,
                                    "self": 11.450791299984303,
                                    "children": {
                                        "TorchPolicy.evaluate": {
                                            "total": 424.37090670002544,
                                            "count": 162429,
                                            "self": 196.2234964000153,
                                            "children": {
                                                "TorchPolicy.sample_actions": {
                                                    "total": 228.14741030001014,
                                                    "count": 162429,
                                                    "self": 228.14741030001014
                                                }
                                            }
                                        }
                                    }
                                },
                                "workers": {
                                    "total": 2.3210709999811856,
                                    "count": 168425,
                                    "self": 0.0,
                                    "children": {
                                        "worker_root": {
                                            "total": 1204.3459576999946,
                                            "count": 168425,