{
    "name": "root",
    "gauges": {
        "MoveToGoal.Policy.Entropy.mean": {
            "value": 0.6284425258636475,
            "min": 0.4690035879611969,
            "max": 0.6305237412452698,
            "count": 5
        },
        "MoveToGoal.Policy.Entropy.sum": {
            "value": 157301.671875,
            "min": 117333.4453125,
            "max": 158871.8125,
            "count": 5
        },
        "MoveToGoal.Environment.EpisodeLength.mean": {
            "value": 253.38815117466802,
            "min": 217.03742384682332,
            "max": 253.38815117466802,
            "count": 5
        },
        "MoveToGoal.Environment.EpisodeLength.sum": {
            "value": 248067.0,
            "min": 243485.0,
            "max": 249376.0,
            "count": 5
        },
        "MoveToGoal.Step.mean": {
            "value": 1249959.0,
            "min": 249976.0,
            "max": 1249959.0,
            "count": 5
        },
        "MoveToGoal.Step.sum": {
            "value": 1249959.0,
            "min": 249976.0,
            "max": 1249959.0,
            "count": 5
        },
        "MoveToGoal.Policy.ExtrinsicValueEstimate.mean": {
            "value": 0.034026872366666794,
            "min": -4.582564353942871,
            "max": 0.034026872366666794,
            "count": 5
        },
        "MoveToGoal.Policy.ExtrinsicValueEstimate.sum": {
            "value": 154.92434692382812,
            "min": -21061.46484375,
            "max": 154.92434692382812,
            "count": 5
        },
        "MoveToGoal.Policy.GailValueEstimate.mean": {
            "value": 2.663560628890991,
            "min": 1.766616940498352,
            "max": 15.948551177978516,
            "count": 5
        },
        "MoveToGoal.Policy.GailValueEstimate.sum": {
            "value": 12127.19140625,
            "min": 7720.1162109375,
            "max": 73299.5390625,
            "count": 5
        },
        "MoveToGoal.Environment.CumulativeReward.mean": {
            "value": 4.763023493360572,
            "min": 2.244843049327354,
            "max": 4.763023493360572,
            "count": 5
        },
        "MoveToGoal.Environment.CumulativeReward.sum": {
            "value": 4663.0,
            "min": 2503.0,
            "max": 4663.0,
            "count": 5
        },
        "MoveToGoal.Policy.ExtrinsicReward.mean": {
            "value": 4.763023493360572,
            "min": 2.244843049327354,
            "max": 4.763023493360572,
            "count": 5
        },
        "MoveToGoal.Policy.ExtrinsicReward.sum": {
            "value": 4663.0,
            "min": 2503.0,
            "max": 4663.0,
            "count": 5
        },
        "MoveToGoal.Policy.GailReward.mean": {
            "value": 10.808386930885732,
            "min": 8.693706732655706,
            "max": 14.753882762591768,
            "count": 5
        },
        "MoveToGoal.Policy.GailReward.sum": {
            "value": 10581.410805337131,
            "min": 9502.221458792686,
            "max": 16450.57928028982,
            "count": 5
        },
        "MoveToGoal.Losses.PolicyLoss.mean": {
            "value": 0.0234134738310887,
            "min": 0.021621764493950955,
            "max": 0.024109821388963608,
            "count": 5
        },
        "MoveToGoal.Losses.PolicyLoss.sum": {
            "value": 0.5619233719461287,
            "min": 0.5189223478548229,
            "max": 0.6027455347240902,
            "count": 5
        },
        "MoveToGoal.Losses.ValueLoss.mean": {
            "value": 0.13687981971436078,
            "min": 0.07464331917257773,
            "max": 14.469131091030107,
            "count": 5
        },
        "MoveToGoal.Losses.ValueLoss.sum": {
            "value": 3.2851156731446585,
            "min": 1.7914396601418654,
            "max": 347.25914618472257,
            "count": 5
        },
        "MoveToGoal.Policy.LearningRate.mean": {
            "value": 0.00029323063350645623,
            "min": 0.00029323063350645623,
            "max": 0.0002992238607587131,
            "count": 5
        },
        "MoveToGoal.Policy.LearningRate.sum": {
            "value": 0.007037535204154949,
            "min": 0.007037535204154949,
            "max": 0.007368587197804281,
            "count": 5
        },
        "MoveToGoal.Policy.Epsilon.mean": {
            "value": 0.19774354375,
            "min": 0.19774354375,
            "max": 0.19974128683333334,
            "count": 5
        },
        "MoveToGoal.Policy.Epsilon.sum": {
            "value": 4.74584505,
            "min": 4.74584505,
            "max": 4.956195718,
            "count": 5
        },
        "MoveToGoal.Policy.Beta.mean": {
            "value": 0.0048874028331249994,
            "min": 0.0048874028331249994,
            "max": 0.004987090212983333,
            "count": 5
        },
        "MoveToGoal.Policy.Beta.sum": {
            "value": 0.117297667995,
            "min": 0.117297667995,
            "max": 0.1228141663282,
            "count": 5
        },
        "MoveToGoal.Policy.GAILPolicyEstimate.mean": {
            "value": 0.15027408146609864,
            "min": 0.13766917768451903,
            "max": 0.15927049265139634,
            "count": 5
        },
        "MoveToGoal.Policy.GAILPolicyEstimate.sum": {
            "value": 3.606577955186367,
            "min": 3.3040602644284567,
            "max": 3.822491823633512,
            "count": 5
        },
        "MoveToGoal.Policy.GAILExpertEstimate.mean": {
            "value": 0.8816585444741779,
            "min": 0.8816585444741779,
            "max": 0.8879138563242224,
            "count": 5
        },
        "MoveToGoal.Policy.GAILExpertEstimate.sum": {
            "value": 21.15980506738027,
            "min": 21.15980506738027,
            "max": 22.19555265903473,
            "count": 5
        },
        "MoveToGoal.Losses.GAILLoss.mean": {
            "value": 0.35548607810503907,
            "min": 0.330081672138638,
            "max": 0.40719561136017246,
            "count": 5
        },
        "MoveToGoal.Losses.GAILLoss.sum": {
            "value": 8.531665874520938,
            "min": 7.921960131327311,
            "max": 9.772694672644139,
            "count": 5
        },
        "MoveToGoal.Policy.GAILGradMagLoss.mean": {
            "value": 0.3649708388166295,
            "min": 0.3649708388166295,
            "max": 5.676337263319229,
            "count": 5
        },
        "MoveToGoal.Policy.GAILGradMagLoss.sum": {
            "value": 8.759300131599108,
            "min": 8.759300131599108,
            "max": 136.23209431966148,
            "count": 5
        },
        "MoveToGoal.IsTraining.mean": {
            "value": 1.0,
            "min": 1.0,
            "max": 1.0,
            "count": 5
        },
        "MoveToGoal.IsTraining.sum": {
            "value": 1.0,
            "min": 1.0,
            "max": 1.0,
            "count": 5
        }
    },
    "metadata": {
        "timer_format_version": "0.1.0",
        "start_time_seconds": "1647010232",
        "python_version": "3.7.9 (tags/v3.7.9:13c94747c7, Aug 17 2020, 18:58:18) [MSC v.1900 64 bit (AMD64)]",
        "command_line_arguments": "D:\\Unity Projects\\SoftwareTechnikRacingGame\\SoftwareTechnikRacingGame2\\SoftwareTechnikRacingGame2\\venv\\Scripts\\mlagents-learn config/MoveToGoal.yaml --run-id=FinalLearning2 --force",
        "mlagents_version": "0.28.0",
        "mlagents_envs_version": "0.28.0",
        "communication_protocol_version": "1.5.0",
        "pytorch_version": "1.7.0+cu110",
        "numpy_version": "1.21.5",
        "end_time_seconds": "1647011222"
    },
    "total": 990.208794,
    "count": 1,
    "self": 0.007022699999993165,
    "children": {
        "run_training.setup": {
            "total": 0.07468980000000003,
            "count": 1,
            "self": 0.07468980000000003
        },
        "TrainerController.start_learning": {
            "total": 990.1270815,